<?xml version="1.0" encoding="UTF-8"?>
<project-private xmlns="http://www.netbeans.org/ns/project-private/1">
    <editor-bookmarks xmlns="http://www.netbeans.org/ns/editor-bookmarks/2" lastBookmarkId="0"/>
    <open-files xmlns="http://www.netbeans.org/ns/projectui-open-files/2">
        <group>
            <file>file:/C:/Users/boitu/Documents/NetBeansProjects/SWPProject%20(2)/SWPProject/web/doctorreport.jsp</file>
            <file>file:/C:/Users/boitu/Documents/NetBeansProjects/SWPProject%20(2)/SWPProject/src/java/Controllers/DoctorReportServlet.java</file>
            <file>file:/C:/Users/boitu/Documents/NetBeansProjects/SWPProject%20(2)/SWPProject/web/DoctorDashboard.jsp</file>
        </group>
    </open-files>
</project-private>
